Year,OccupationalCategory,Men,Women,Percentage
2000,Total full-time year-round civilian workers 16 years and over,37842,27501,72.7
2000,Management professional and related occupations:,52396,36972,70.6
2000,Management business and financial occupations:,55294,37748,68.3
2000,Management occupations:,57494,40273,70
2000,Chief executives,96184,61283,63.7
2000,General and operations managers,59484,42250,71
2000,Legislators,58939,41303,70.1
2000,Advertising and promotions managers,51959,40163,77.3
2000,Marketing and sales managers,70310,42518,60.5
2000,Public relations managers,61102,45263,74.1
2000,Administrative services managers,52481,41579,79.2
2000,Computer and information systems managers,71326,57799,81
2000,Financial managers,65925,40276,61.1
2000,Human resources managers,52333,41319,79
2000,Industrial production managers,55086,43227,78.5
2000,Purchasing managers,56652,41618,73.5
2000,Transportation storage and distribution managers,40381,36241,89.7
2000,Farm ranch and other agricultural managers,31857,25185,79.1
2000,Farmers and ranchers,21051,11915,56.6
2000,Construction managers,51223,39936,78
2000,Education administrators,59379,41008,69.1
2000,Engineering managers,81322,75644,93
2000,Food service managers,33747,25494,75.5
2000,Funeral directors,44457,31163,70.1
2000,Gaming managers,41268,31131,75.4
2000,Lodging managers,35827,27235,76
2000,Medical and health services managers,57009,41850,73.4
2000,Natural sciences managers,83891,54909,65.5
2000,Postmasters and mail superintendents,53710,41697,77.6
2000,Property real estate and community association managers,45825,31198,68.1
2000,Social and community service managers,46540,35541,76.4
2000,Managers all other,60409,41651,68.9
2000,Business and financial operations occupations:,50682,35675,70.4
2000,Agents and business managers of artists performers and athletes,43053,35164,81.7
2000,Purchasing agents and buyers farm products,41132,30407,73.9
2000,Wholesale and retail buyers except farm products,37859,30699,81.1
2000,Purchasing agents except wholesale retail and farm products,43245,33600,77.7
2000,Claims adjusters appraisers examiners and investigators,42108,31896,75.7
2000,Compliance officers except agriculture construction health and safety and transportation,46785,37126,79.4
2000,Cost estimators,47036,33256,70.7
2000,Human resources training and labor relations specialists,47190,35796,75.9
2000,Logisticians,50443,37151,73.6
2000,Management analysts,67327,47751,70.9
2000,Meeting and convention planners,36506,36467,99.9
2000,Other business operations specialists,42434,31553,74.4
2000,Accountants and auditors,51487,36258,70.4
2000,Appraisers and assessors of real estate,46622,31591,67.8
2000,Budget analysts,52690,42936,81.5
2000,Credit analysts,39819,31596,79.3
2000,Financial analysts,71581,45204,63.2
2000,Personal financial advisors,68808,39276,57.1
2000,Insurance underwriters,51826,35611,68.7
2000,Financial examiners,60434,42322,70
2000,Loan counselors and officers,49572,32299,65.2
2000,Tax examiners collectors and revenue agents,47145,33493,71
2000,Tax preparers,46200,31386,67.9
2000,Financial specialists all other,54269,32531,59.9
2000,Computer engineering and science occupations:,54811,44226,80.7
2000,Computer and mathematical occupations:,56865,47166,82.9
2000,Computer scientists and systems analysts,57019,48002,84.2
2000,Computer programmers,56562,50216,88.8
2000,Computer software engineers,66845,55716,83.4
2000,Computer support specialists,42304,37893,89.6
2000,Database administrators,61432,42704,69.5
2000,Network and computer systems administrators,49311,42028,85.2
2000,Network systems and data communications analysts,50948,41967,82.4
2000,Actuaries,81575,56588,69.4
2000,Mathematicians,72791,62279,0
2000,Operations research analysts,58449,47324,81
2000,Statisticians,61954,46661,75.3
2000,Miscellaneous mathematical science occupations,57043,37066,65
2000,Architecture and engineering occupations:,54195,41577,76.7
2000,Architects except naval,52790,40751,77.2
2000,Surveyors cartographers and photogrammetrists,42840,35449,82.7
2000,Aerospace engineers,65586,53617,81.8
2000,Agricultural engineers,51377,44167,0
2000,Biomedical engineers,55391,52260,94.3
2000,Chemical engineers,69909,56515,80.8
2000,Civil engineers,58487,45670,78.1
2000,Computer hardware engineers,61145,46697,76.4
2000,Electrical and electronics engineers,64933,53985,83.1
2000,Environmental engineers,56690,49900,88
2000,Industrial engineers including health and safety,53409,44794,83.9
2000,Marine engineers and naval architects,60684,47750,0
2000,Materials engineers,56654,49801,87.9
2000,Mechanical engineers,58812,50959,86.6
2000,Mining and geological engineers including mining safety engineers,60974,39512,0
2000,Nuclear engineers,72679,61667,0
2000,Petroleum engineers,77218,69999,90.7
2000,Engineers all other,61964,51521,83.1
2000,Drafters,37414,31477,84.1
2000,Engineering technicians except drafters,41480,32126,77.4
2000,Surveying and mapping technicians,33239,27272,82
2000,Life physical and social science occupations:,50096,40013,79.9
2000,Agricultural and food scientists,42069,36305,86.3
2000,Biological scientists,43449,38467,88.5
2000,Conservation scientists and foresters,45224,38315,84.7
2000,Medical scientists,51961,43482,83.7
2000,Astronomers and physicists,71380,51422,72
2000,Atmospheric and space scientists,57833,47927,82.9
2000,Chemists and materials scientists,53217,44445,83.5
2000,Environmental scientists and geoscientists,52076,41856,80.4
2000,Physical scientists all other,57486,41465,72.1
2000,Economists,73571,60812,82.7
2000,Market and survey researchers,59131,42412,71.7
2000,Psychologists,60026,45140,75.2
2000,Sociologists,55469,40888,73.7
2000,Urban and regional planners,52072,45643,87.7
2000,Miscellaneous social scientists and related workers,43884,36170,82.4
2000,Agricultural and food science technicians,33196,28900,87.1
2000,Biological technicians,36582,31216,85.3
2000,Chemical technicians,41292,34409,83.3
2000,Geological and petroleum technicians,45918,40491,88.2
2000,Nuclear technicians,58281,45986,0
2000,Other life physical and social science technicians,35363,29426,83.2
2000,Education legal community service arts and media occupations:,43273,32128,74.2
2000,Community and social services occupations:,32601,30098,92.3
2000,Counselors,32877,30357,92.3
2000,Social workers,34231,30676,89.6
2000,Miscellaneous community and social service specialists,35366,28627,80.9
2000,Clergy,31709,28586,90.2
2000,Directors religious activities and education,32294,27337,84.7
2000,Religious workers all other,31341,25208,80.4
2000,Legal occupations:,83104,40559,48.8
2000,Lawyers,90872,66868,73.6
2000,Judges magistrates and other judicial workers,87851,50197,57.1
2000,Paralegals and legal assistants,36505,33005,90.4
2000,Miscellaneous legal support workers,41916,31225,74.5
2000,Education training and library occupations:,42577,31831,74.8
2000,Postsecondary teachers,54861,41518,75.7
2000,Preschool and kindergarten teachers,21872,17236,78.8
2000,Elementary and middle school teachers,39324,34673,88.2
2000,Secondary school teachers,40493,35549,87.8
2000,Special education teachers,38226,33776,88.4
2000,Other teachers and instructors,37047,25820,69.7
2000,Archivists curators and museum technicians,37882,33221,87.7
2000,Librarians,40502,36089,89.1
2000,Library technicians,25985,21957,84.5
2000,Teacher assistants,20764,15025,72.4
2000,Other education training and library workers,45221,39196,86.7
2000,Arts design entertainment sports and media occupations:,40618,32375,79.7
2000,Artists and related workers,37179,28962,77.9
2000,Designers,41029,30499,74.3
2000,Actors,36668,31231,85.2
2000,Producers and directors,47038,40369,85.8
2000,Athletes coaches umpires and related workers,35579,26803,75.3
2000,Dancers and choreographers,30895,24536,79.4
2000,Musicians singers and related workers,33089,28753,86.9
2000,Entertainers and performers sports and related workers all other,30287,24566,81.1
2000,Announcers,30684,26669,86.9
2000,News analysts reporters and correspondents,42747,34882,81.6
2000,Public relations specialists,50165,37466,74.7
2000,Editors,43187,36399,84.3
2000,Technical writers,51012,42654,83.6
2000,Writers and authors,43451,36496,84
2000,Miscellaneous media and communication workers,36059,30419,84.4
2000,Broadcast and sound engineering technicians and radio operators,38854,31123,80.1
2000,Photographers,35534,23973,67.5
2000,Television video and motion picture camera operators and editors,39715,30734,77.4
2000,Media and communication equipment workers all other,49999,40893,0
2000,Healthcare practitioner and technical occupations:,60513,38621,63.8
2000,Chiropractors,66013,41739,63.2
2000,Dentists,109005,68698,63
2000,Dietitians and nutritionists,35790,33240,92.9
2000,Optometrists,84639,65333,77.2
2000,Pharmacists,71310,63550,89.1
2000,Physicians and surgeons,140541,87896,62.5
2000,Physician assistants,60290,35241,58.5
2000,Podiatrists,90948,51667,56.8
2000,Registered nurses,46319,42401,91.5
2000,Audiologists,56921,42253,74.2
2000,Occupational therapists,49247,45029,91.4
2000,Physical therapists,55040,48270,87.7
2000,Radiation therapists,49794,43116,86.6
2000,Recreational therapists,33155,28625,86.3
2000,Respiratory therapists,40739,36012,88.4
2000,Speech-language pathologists,47672,41436,86.9
2000,Therapists all other,36111,31774,88
2000,Veterinarians,71456,49385,69.1
2000,Health diagnosing and treating practitioners all other,37492,31518,84.1
2000,Clinical laboratory technologists and technicians,37178,33931,91.3
2000,Dental hygienists,43160,40363,93.5
2000,Diagnostic related technologists and technicians,41728,35250,84.5
2000,Emergency medical technicians and paramedics,32638,26893,82.4
2000,Health diagnosing and treating practitioner support technicians,27376,22061,80.6
2000,Licensed practical and licensed vocational nurses,30223,27258,90.2
2000,Medical records and health information technicians,26064,21841,83.8
2000,Opticians dispensing,32231,24269,75.3
2000,Miscellaneous health technologists and technicians,36897,25684,69.6
2000,Other healthcare practitioners and technical occupations,41980,34576,82.4
2000,Service occupations:,26619,18245,68.5
2000,Healthcare support occupations:,24605,20486,83.3
2000,Nursing psychiatric and home health aides,23603,19278,81.7
2000,Occupational therapist assistants and aides,31107,29792,95.8
2000,Physical therapist assistants and aides,30145,27421,91
2000,Massage therapists,25219,21514,85.3
2000,Dental assistants,25819,22361,86.6
2000,Medical assistants and other healthcare support occupations,26001,21839,84
2000,Protective service occupations:,38932,30658,78.7
2000,First-line supervisors/managers of correctional officers,40281,34188,84.9
2000,First-line supervisors/managers of police and detectives,55409,42804,77.3
2000,First-line supervisors/managers of fire fighting and prevention workers,58279,44766,76.8
2000,Supervisors protective service workers all other,36320,33118,91.2
2000,Fire fighters,45700,39381,86.2
2000,Fire inspectors,42576,38750,91
2000,Bailiffs correctional officers and jailers,33932,27704,81.6
2000,Detectives and criminal investigators,52404,41396,79
2000,Fish and game wardens,35951,35385,0
2000,Parking enforcement workers,27811,26194,94.2
2000,Police and sheriff's patrol officers,42787,39231,91.7
2000,Transit and railroad police,45239,30972,0
2000,Animal control workers,25907,25060,96.7
2000,Private detectives and investigators,41529,32221,77.6
2000,Security guards and gaming surveillance officers,24366,22196,91.1
2000,Crossing guards,23248,20126,86.6
2000,Lifeguards and other protective service workers,28193,22462,79.7
2000,Food preparation and serving related occupations:,19732,15697,79.6
2000,Chefs and head cooks,26731,21162,79.2
2000,First-line supervisors/managers of food preparation and serving workers,25781,19399,75.2
2000,Cooks,17439,14689,84.2
2000,Food preparation workers,16644,14758,88.7
2000,Bartenders,21389,16260,76
2000,Combined food preparation and serving workers including fast food,17061,15360,90
2000,Counter attendants cafeteria food concession and coffee shop,16260,13205,81.2
2000,Waiters and waitresses,19753,15115,76.5
2000,Food servers nonrestaurant,21182,17364,82
2000,Dining room and cafeteria attendants and bartender helpers,15558,15095,97
2000,Dishwashers,13610,12496,91.8
2000,Hosts and hostesses restaurant lounge and coffee shop,20722,15072,72.7
2000,Food preparation and serving related workers all other,18305,14198,77.6
2000,Building and grounds cleaning and maintenance occupations:,23235,16177,69.6
2000,First-line supervisors/managers of housekeeping and janitorial workers,30672,20662,67.4
2000,First-line supervisors/managers of landscaping lawn service and groundskeeping workers,31342,25419,81.1
2000,Janitors and building cleaners,23491,17298,73.6
2000,Maids and housekeeping cleaners,19447,14879,76.5
2000,Pest control workers,26842,22702,84.6
2000,Grounds maintenance workers,20741,18314,88.3
2000,Personal care and service occupations:,26651,17451,65.5
2000,First-line supervisors/managers of gaming workers,36566,28551,78.1
2000,First-line supervisors/managers of personal service workers,33881,23819,70.3
2000,Animal trainers,23710,19224,81.1
2000,Nonfarm animal caretakers,22772,18768,82.4
2000,Gaming services workers,30826,27609,89.6
2000,Motion picture projectionists,22221,16804,0
2000,Ushers lobby attendants and ticket takers,29219,18689,64
2000,Miscellaneous entertainment attendants and related workers,22189,18966,85.5
2000,Funeral service workers,26781,24594,91.8
2000,Barbers,22470,17151,76.3
2000,Hairdressers hairstylists and cosmetologists,26670,18526,69.5
2000,Miscellaneous personal appearance workers,19855,18108,91.2
2000,Baggage porters bellhops and concierges,23289,21873,93.9
2000,Tour and travel guides,23750,22109,93.1
2000,Transportation attendants,35803,31244,87.3
2000,Child care workers,21403,14207,66.4
2000,Personal and home care aides,19606,16180,82.5
2000,Recreation and fitness workers,30415,23228,76.4
2000,Residential advisors,22408,20713,92.4
2000,Personal care and service workers all other,21669,19649,90.7
2000,Sales and office occupations:,36438,25439,69.8
2000,Sales and related occupations:,40075,24765,61.8
2000,First-line supervisors/managers of retail sales workers,36350,24324,66.9
2000,First-line supervisors/managers of non-retail sales workers,47184,34591,73.3
2000,Cashiers,21308,15696,73.7
2000,Counter and rental clerks,26256,16666,63.5
2000,Parts salespersons,27899,21285,76.3
2000,Retail salespersons,31709,20331,64.1
2000,Advertising sales agents,45701,36321,79.5
2000,Insurance sales agents,51449,30230,58.8
2000,Securities commodities and financial services sales agents,66192,36997,55.9
2000,Travel agents,31104,26403,84.9
2000,Sales representatives services all other,49877,36868,73.9
2000,Sales representatives wholesale and manufacturing,49226,36581,74.3
2000,Models demonstrators and product promoters,40107,23370,58.3
2000,Real estate brokers and sales agents,50463,36189,71.7
2000,Sales engineers,62918,56875,90.4
2000,Telemarketers,24027,18934,78.8
2000,Door-to-door sales workers news and street vendors and related workers,26879,18637,69.3
2000,Sales and related workers all other,45772,34074,74.4
2000,Office and administrative support occupations:,32010,25581,79.9
2000,First-line supervisors/managers of office and administrative support workers,40716,30947,76
2000,Switchboard operators including answering service,29177,20661,70.8
2000,Telephone operators,29007,25744,88.8
2000,Communications equipment operators all other,35890,27737,77.3
2000,Bill and account collectors,29084,25443,87.5
2000,Billing and posting clerks and machine operators,31202,24355,78.1
2000,Bookkeeping accounting and auditing clerks,30291,25491,84.2
2000,Gaming cage workers,22426,21483,95.8
2000,Payroll and timekeeping clerks,32251,27239,84.5
2000,Procurement clerks,38467,28159,73.2
2000,Tellers,20635,18592,90.1
2000,Brokerage clerks,37376,30407,81.4
2000,Correspondence clerks,30185,26725,88.5
2000,Court municipal and license clerks,31467,25719,81.7
2000,Credit authorizers checkers and clerks,36614,24098,65.8
2000,Customer service representatives,31586,25505,80.7
2000,Eligibility interviewers government programs,34780,30350,87.3
2000,File clerks,25670,22231,86.6
2000,Hotel motel and resort desk clerks,20035,16801,83.9
2000,Interviewers except eligibility and loan,27104,22277,82.2
2000,Library assistants clerical,24170,21992,91
2000,Loan interviewers and clerks,35022,27208,77.7
2000,New accounts clerks,30979,23345,75.4
2000,Order clerks,26933,22391,83.1
2000,Human resources assistants except payroll and timekeeping,35289,27422,77.7
2000,Receptionists and information clerks,26136,20723,79.3
2000,Reservation and transportation ticket agents and travel clerks,33211,25317,76.2
2000,Information and record clerks all other,31879,24786,77.8
2000,Cargo and freight agents,35785,27489,76.8
2000,Couriers and messengers,27983,22790,81.4
2000,Dispatchers,33596,26034,77.5
2000,Meter readers utilities,29727,28228,95
2000,Postal service clerks,40757,38643,94.8
2000,Postal service mail carriers,40622,36853,90.7
2000,Postal service mail sorters processors and processing machine operators,40428,37739,93.3
2000,Production planning and expediting clerks,41799,29823,71.3
2000,Shipping receiving and traffic clerks,25921,21508,83
2000,Stock clerks and order fillers,24147,20791,86.1
2000,Weighers measurers checkers and samplers recordkeeping,31195,22514,72.2
2000,Secretaries and administrative assistants,31665,26410,83.4
2000,Computer operators,35994,26770,74.4
2000,Data entry keyers,26739,22323,83.5
2000,Word processors and typists,28638,24672,86.2
2000,Desktop publishers,38297,30762,80.3
2000,Insurance claims and policy processing clerks,36187,25726,71.1
2000,Mail clerks and mail machine operators except postal service,23500,20499,87.2
2000,Office clerks general,28095,24010,85.5
2000,Office machine operators except computer,25712,20627,80.2
2000,Proofreaders and copy markers,30304,25138,83
2000,Statistical assistants,38068,29190,76.7
2000,Office and administrative support workers all other,37129,27691,74.6
2000,Farming fishing and forestry occupations:,20450,15942,78
2000,Agriculture workers including supervisors:,19502,15860,81.3
2000,First-line supervisors/managers of farming fishing and forestry workers,30752,22319,72.6
2000,Agricultural inspectors,37510,32072,85.5
2000,Animal breeders,23006,15612,67.9
2000,Graders and sorters agricultural products,23905,15777,66
2000,Miscellaneous agricultural workers,18050,15051,83.4
2000,Fishing and hunting and forest and logging occupations:,24717,18333,74.2
2000,Fishers and related fishing workers,25388,17499,68.9
2000,Hunters and trappers,23561,25147,0
2000,Forest and conservation workers,23311,17944,77
2000,Logging workers,24728,18374,74.3
2000,Construction extraction maintenance and repair occupations:,32836,29945,91.2
2000,Construction and extraction occupations:,31682,26225,82.8
2000,First-line supervisors/managers of construction trades and extraction workers,41572,32392,77.9
2000,Boilermakers,38865,26086,0
2000,Brickmasons blockmasons and stonemasons,30019,21352,71.1
2000,Carpenters,28814,23598,81.9
2000,Carpet floor and tile installers and finishers,29007,22785,78.6
2000,Cement masons concrete finishers and terrazzo workers,27151,23606,0
2000,Construction laborers,25773,22074,85.6
2000,Paving surfacing and tamping equipment operators,27358,18347,0
2000,Pile-driver operators,41637,0,0
2000,Operating engineers and other construction equipment operators,32174,27060,84.1
2000,Drywall installers ceiling tile installers and tapers,27007,22075,81.7
2000,Electricians,37598,30469,81
2000,Glaziers,30622,21919,71.6
2000,Insulation workers,30309,24051,79.4
2000,Painters construction and maintenance,25928,21020,81.1
2000,Paperhangers,30718,21564,70.2
2000,Pipelayers plumbers pipefitters and steamfitters,35173,28952,82.3
2000,Plasterers and stucco masons,26486,22949,0
2000,Reinforcing iron and rebar workers,30909,43000,0
2000,Roofers,25091,22907,91.3
2000,Sheet metal workers,33246,27198,81.8
2000,Structural iron and steel workers,35268,29524,83.7
2000,Helpers construction trades,20449,21182,103.6
2000,Construction and building inspectors,39507,31419,79.5
2000,Elevator installers and repairers,51837,32222,0
2000,Fence erectors,24342,18636,0
2000,Hazardous materials removal workers,32372,35206,108.8
2000,Highway maintenance workers,28379,27623,97.3
2000,Rail-track laying and maintenance equipment operators,38366,40833,0
2000,Septic tank servicers and sewer pipe cleaners,30153,19712,0
2000,Miscellaneous construction and related workers,29458,24154,82
2000,Derrick rotary drill and service unit operators oil gas and mining,32026,38917,0
2000,Earth drillers except oil and gas,32431,26364,0
2000,Explosives workers ordnance handling experts and blasters,34551,30526,0
2000,Mining machine operators,42318,38949,92
2000,Roof bolters mining,43591,0,0
2000,Roustabouts oil and gas,27222,31786,0
2000,Helpers--extraction workers,27315,31250,0
2000,Other extraction workers,31251,34750,0
2000,Installation maintenance and repair occupations:,35157,31844,90.6
2000,First-line supervisors/managers of mechanics installers and repairers,43260,39360,91
2000,Computer automated teller and office machine repairers,35691,31052,87
2000,Radio and telecommunications equipment installers and repairers,42920,41865,97.5
2000,Avionics technicians,41543,35090,84.5
2000,Electric motor power tool and related repairers,33084,30565,92.4
2000,Electrical and electronics installers and repairers transportation equipment,32652,26902,0
2000,Electrical and electronics repairers industrial and utility,50025,41554,83.1
2000,Electronic equipment installers and repairers motor vehicles,52085,48313,92.8
2000,Electronic home entertainment equipment installers and repairers,27398,26301,96
2000,Security and fire alarm systems installers,31508,26278,83.4
2000,Aircraft mechanics and service technicians,42849,36052,84.1
2000,Automotive body and related repairers,30636,26086,85.1
2000,Automotive glass installers and repairers,29682,25721,0
2000,Automotive service technicians and mechanics,29464,25579,86.8
2000,Bus and truck mechanics and diesel engine specialists,33882,30063,88.7
2000,Heavy vehicle and mobile equipment service technicians and mechanics,36185,31250,86.4
2000,Small engine mechanics,25683,25120,97.8
2000,Miscellaneous vehicle and mobile equipment mechanics installers and repairers,22788,24444,0
2000,Control and valve installers and repairers,37132,31731,85.5
2000,Heating air conditioning and refrigeration mechanics and installers,32453,27645,85.2
2000,Home appliance repairers,30506,23895,78.3
2000,Industrial and refractory machinery mechanics,37848,29131,77
2000,Maintenance and repair workers general,31718,28524,89.9
2000,Maintenance workers machinery,35754,27412,76.7
2000,Millwrights,46290,36513,78.9
2000,Electrical power-line installers and repairers,48110,31796,66.1
2000,Telecommunications line installers and repairers,39492,39999,101.3
2000,Precision instrument and equipment repairers,40300,28834,71.5
2000,Coin vending and amusement machine servicers and repairers,27762,21361,76.9
2000,Commercial divers,34950,26563,0
2000,Locksmiths and safe repairers,30841,26366,85.5
2000,Manufactured building and mobile home installers,24883,22077,0
2000,Riggers,35196,26786,0
2000,Signal and track switch repairers,46253,36875,0
2000,Helpers--installation maintenance and repair workers,21991,24662,112.1
2000,Other installation maintenance and repair workers,31183,25311,81.2
2000,Production transportation and material moving occupations:,31468,21311,67.7
2000,Production occupations:,32018,21322,66.6
2000,First-line supervisors/managers of production and operating workers,41368,29024,70.2
2000,Aircraft structure surfaces rigging and systems assemblers,39219,26478,67.5
2000,Electrical electronics and electromechanical assemblers,26651,21399,80.3
2000,Engine and other machine assemblers,37273,26448,71
2000,Structural metal fabricators and fitters,35149,30194,85.9
2000,Miscellaneous assemblers and fabricators,28659,21579,75.3
2000,Bakers,24283,18071,74.4
2000,Butchers and other meat poultry and fish processing workers,26617,17752,66.7
2000,Food and tobacco roasting baking and drying machine operators and tenders,27637,23245,84.1
2000,Food batchmakers,27311,19864,72.7
2000,Food cooking machine operators and tenders,24498,18468,75.4
2000,Computer control programmers and operators,35265,26314,74.6
2000,Extruding and drawing machine setters operators and tenders metal and plastic,31642,25227,79.7
2000,Forging machine setters operators and tenders metal and plastic,32481,24072,74.1
2000,Rolling machine setters operators and tenders metal and plastic,32232,22018,68.3
2000,Cutting punching and press machine setters operators and tenders metal and plastic,28222,21489,76.1
2000,Drilling and boring machine tool setters operators and tenders metal and plastic,30233,21506,71.1
2000,Grinding lapping polishing and buffing machine tool setters operators and tenders metal and plastic,30115,23291,77.3
2000,Lathe and turning machine tool setters operators and tenders metal and plastic,31259,23587,75.5
2000,Milling and planing machine setters operators and tenders metal and plastic,31839,23971,0
2000,Machinists,35463,25295,71.3
2000,Metal furnace and kiln operators and tenders,34982,25558,73.1
2000,Model makers and patternmakers metal and plastic,43450,31604,72.7
2000,Molders and molding machine setters operators and tenders metal and plastic,31002,21336,68.8
2000,Multiple machine tool setters operators and tenders metal and plastic,34068,25360,74.4
2000,Tool and die makers,44473,30438,68.4
2000,Welding soldering and brazing workers,30591,22042,72.1
2000,Heat treating equipment setters operators and tenders metal and plastic,36509,27534,75.4
2000,Lay-out workers metal and plastic,33072,29356,88.8
2000,Plating and coating machine setters operators and tenders metal and plastic,30064,24477,81.4
2000,Tool grinders filers and sharpeners,35860,28015,0
2000,Metalworkers and plastic workers all other,30233,22148,73.3
2000,Bookbinders and bindery workers,30571,21198,69.3
2000,Job printers,31053,21701,69.9
2000,Prepress technicians and workers,34931,22878,65.5
2000,Printing machine operators,32409,22213,68.5
2000,Laundry and dry-cleaning workers,22261,15589,70
2000,Pressers textile garment and related materials,22167,15490,69.9
2000,Sewing machine operators,21367,16204,75.8
2000,Shoe and leather workers and repairers,21529,16904,78.5
2000,Shoe machine operators and tenders,20683,17370,84
2000,Tailors dressmakers and sewers,26402,17368,65.8
2000,Textile bleaching and dyeing machine operators and tenders,24117,21336,88.5
2000,Textile cutting machine setters operators and tenders,21639,18568,85.8
2000,Textile knitting and weaving machine setters operators and tenders,25344,21597,85.2
2000,Textile winding twisting and drawing out machine setters operators and tenders,23326,20463,87.7
2000,Extruding and forming machine setters operators and tenders synthetic and glass fibers,32649,30296,0
2000,Fabric and apparel patternmakers,39628,40527,102.3
2000,Upholsterers,25401,20884,82.2
2000,Textile apparel and furnishings workers all other,24327,18797,77.3
2000,Cabinetmakers and bench carpenters,26785,20405,76.2
2000,Furniture finishers,25284,18445,73
2000,Model makers and patternmakers wood,41563,21302,0
2000,Sawing machine setters operators and tenders wood,22769,19429,85.3
2000,Woodworking machine setters operators and tenders except sawing,23754,19764,83.2
2000,Woodworkers all other,24513,18366,74.9
2000,Power plant operators distributors and dispatchers,55061,44407,80.6
2000,Stationary engineers and boiler operators,41857,35050,83.7
2000,Water and liquid waste treatment plant and system operators,34741,31875,91.7
2000,Miscellaneous plant and system operators,45949,36047,78.5
2000,Chemical processing machine setters operators and tenders,42143,32025,76
2000,Crushing grinding polishing mixing and blending workers,30481,23548,77.3
2000,Cutting workers,26313,19716,74.9
2000,Extruding forming pressing and compacting machine setters operators and tenders,29663,21956,74
2000,Furnace kiln oven drier and kettle operators and tenders,33323,21455,64.4
2000,Inspectors testers sorters samplers and weighers,35873,23507,65.5
2000,Jewelers and precious stone and metal workers,28634,20324,71
2000,Medical dental and ophthalmic laboratory technicians,32125,23519,73.2
2000,Packaging and filling machine operators and tenders,24695,19560,79.2
2000,Painting workers,29006,21323,73.5
2000,Photographic process workers and processing machine operators,27912,19617,70.3
2000,Semiconductor processors,35759,28800,80.5
2000,Cementing and gluing machine operators and tenders,26389,20040,75.9
2000,Cleaning washing and metal pickling equipment operators and tenders,26836,21473,80
2000,Cooling and freezing equipment operators and tenders,35865,22243,0
2000,Etchers and engravers,30758,20647,67.1
2000,Molders shapers and casters except metal and plastic,28237,20032,70.9
2000,Paper goods machine setters operators and tenders,39447,21708,55
2000,Tire builders,40727,36750,90.2
2000,Helpers--production workers,23835,21224,89
2000,Production workers all other,29912,21456,71.7
2000,Transportation and material moving occupations:,30696,21259,69.3
2000,Supervisors transportation and material moving workers,37988,29844,78.6
2000,Aircraft pilots and flight engineers,64607,43393,67.2
2000,Air traffic controllers and airfield operations specialists,66992,56478,84.3
2000,Ambulance drivers and attendants except emergency medical technicians,25367,21229,83.7
2000,Bus drivers,31095,21656,69.6
2000,Driver/sales workers and truck drivers,32039,22498,70.2
2000,Taxi drivers and chauffeurs,22885,18587,81.2
2000,Motor vehicle operators all other,26938,16332,60.6
2000,Locomotive engineers and operators,55804,46374,83.1
2000,Railroad brake signal and switch operators,47731,38750,0
2000,Railroad conductors and yardmasters,52132,38767,74.4
2000,Subway streetcar and other rail transportation workers,41831,36863,88.1
2000,Sailors and marine oilers,31047,26117,0
2000,Ship and boat captains and operators,43023,30554,0
2000,Ship engineers,45162,57188,0
2000,Bridge and lock tenders,38462,19304,0
2000,Parking lot attendants,19857,16749,84.4
2000,Service station attendants,18964,15286,80.6
2000,Transportation inspectors,43001,31043,72.2
2000,Other transportation workers,31564,29074,92.1
2000,Conveyor operators and tenders,31191,26502,85
2000,Crane and tower operators,39696,36308,91.5
2000,Dredge excavating and loading machine operators,31704,26061,82.2
2000,Hoist and winch operators,32155,26047,0
2000,Industrial truck and tractor operators,26836,25520,95.1
2000,Cleaners of vehicles and equipment,20923,18528,88.6
2000,Laborers and freight stock and material movers hand,26254,20794,79.2
2000,Machine feeders and offbearers,26441,20213,76.4
2000,Packers and packagers hand,21277,17956,84.4
2000,Pumping station operators,36518,40625,111.2
2000,Refuse and recyclable material collectors,26510,21718,81.9
2000,Shuttle car operators,31317,21484,0
2000,Tank car truck and ship loaders,31635,17955,0
2000,Material moving workers all other,31598,23627,74.8
2015,Total full-time year-round civilian workers 16 years and over,48520,38233,78.8
2015,Management  Business Science and Arts Occupations:,72695,52237,71.9
2015,Management Business and Financial Occupations:,76495,56417,73.8
2015,Management Occupations:,79836,59964,75.1
2015,Chief executives,126142,95921,76
2015,General and operations managers,81041,60759,75
2015,Legislators,71530,65325,91.3
2015,Advertising and promotions managers,75190,55860,74.3
2015,Marketing and sales managers,91998,65040,70.7
2015,Public relations and fundraising managers,90071,66052,73.3
2015,Administrative services managers,66579,55079,82.7
2015,Computer and information systems managers,101318,90940,89.8
2015,Financial managers,90278,57406,63.6
2015,Compensation and benefits managers,97552,68207,0
2015,Human resources managers,75328,64662,85.8
2015,Training and development managers,80754,71091,88
2015,Industrial production managers,74623,65033,87.1
2015,Purchasing managers,81528,62785,77
2015,Transportation storage and distribution managers,52017,52259,100.5
2015,Farmers ranchers and other agricultural managers,41691,25310,60.7
2015,Construction managers,69556,62198,89.4
2015,Education administrators,78115,60580,77.6
2015,Architectural and engineering managers,121690,113507,93.3
2015,Food service managers,41164,31578,76.7
2015,Funeral service managers,71617,52125,0
2015,Gaming managers,52127,47845,91.8
2015,Lodging managers,50610,36533,72.2
2015,Medical and health services managers,84450,64765,76.7
2015,Natural sciences managers,121164,85416,70.5
2015,Postmasters and mail superintendents,77465,56317,72.7
2015,Property real estate and community association managers,57059,41743,73.2
2015,Social and community service managers,62367,51933,83.3
2015,Emergency management directors,73478,73102,0
2015,Managers all other,81462,63917,78.5
2015,Business and Financial Operations Occupations:,70670,52958,74.9
2015,Agents and business managers of artists performers and athletes,51910,47043,90.6
2015,Buyers and purchasing agents farm products,51063,50742,0
2015,Wholesale and retail buyers except farm products,41619,42990,103.3
2015,Purchasing agents except wholesale retail and farm products,60957,50058,82.1
2015,Claims adjusters appraisers examiners and investigators,60097,46520,77.4
2015,Compliance officers,66724,60054,90
2015,Cost estimators,60249,49443,82.1
2015,Human resources workers,63034,51765,82.1
2015,Compensation benefits and job analysis specialists,61089,47927,78.5
2015,Training and development specialists,59310,50024,84.3
2015,Logisticians,54698,50410,92.2
2015,Management analysts,89151,72006,80.8
2015,Meeting convention and event planners,47876,46973,98.1
2015,Fundraisers,69292,57730,83.3
2015,Market research analysts and marketing specialists,80508,60673,75.4
2015,Business operations specialists all other,67442,51378,76.2
2015,Accountants and auditors,72805,54720,75.2
2015,Appraisers and assessors of real estate,61056,45643,74.8
2015,Budget analysts,78667,65830,83.7
2015,Credit analysts,56903,51602,90.7
2015,Financial analysts,100081,63424,63.4
2015,Personal financial advisors,98126,60359,61.5
2015,Insurance underwriters,75372,52283,69.4
2015,Financial examiners,77263,60411,0
2015,Credit counselors and loan officers,69726,46394,66.5
2015,Tax examiners and collectors and revenue agents,66754,45704,68.5
2015,Tax preparers,70641,47997,67.9
2015,Financial specialists all other,81859,48869,59.7
2015,Computer Engineering and Science Occupations:,78480,65160,83
2015,Computer and mathematical occupations:,80509,69795,86.7
2015,Computer and information research scientists,100222,88006,0
2015,Computer systems analysts,81174,69346,85.4
2015,Information security analysts,86349,80245,92.9
2015,Computer programmers,81508,75088,92.1
2015,Software developers applications and systems software,96868,83808,86.5
2015,Web developers,61566,53995,87.7
2015,Computer support specialists,53960,49001,90.8
2015,Database administrators,84609,61378,72.5
2015,Network and computer systems administrators,68363,61699,90.3
2015,Computer network architects ,96549,94445,97.8
2015,Computer occupations all other,66971,65329,97.5
2015,Actuaries,116019,106759,92
2015,Mathematicians,73799,99362,0
2015,Operations research analysts,86748,68925,79.5
2015,Statisticians,87488,74291,84.9
2015,Miscellaneous mathematical science occupations,75221,56018,0
2015,Architecture and Engineering Occupations:,79244,64961,82
2015,Architects except naval,75395,60518,80.3
2015,Surveyors cartographers and photogrammetrists,61190,50876,83.1
2015,Aerospace engineers,101260,90023,88.9
2015,Agricultural engineers,73207,39356,0
2015,Biomedical engineers,77459,85248,0
2015,Chemical engineers,100632,95507,94.9
2015,Civil engineers,81911,71854,87.7
2015,Computer hardware engineers,95258,76236,0
2015,Electrical and electronics engineers,93351,81167,86.9
2015,Environmental engineers,80413,72478,90.1
2015,Industrial engineers including health and safety,76487,66498,86.9
2015,Marine engineers and naval architects,85451,70430,0
2015,Materials engineers,80877,73038,0
2015,Mechanical engineers,80193,72416,90.3
2015,Mining and geological engineers including mining safety engineers,86617,108500,0
2015,Nuclear engineers,86028,71482,0
2015,Petroleum engineers,109564,120253,0
2015,Engineers all other,91800,81702,89
2015,Drafters,52296,47123,90.1
2015,Engineering technicians except drafters,56847,43517,76.6
2015,Surveying and mapping technicians,49813,42403,0
2015,Life Physical and Social Science Occupations:,66913,57617,86.1
2015,Agricultural and food scientists,62867,53805,85.6
2015,Biological scientists,57653,57107,99.1
2015,Conservation scientists and foresters,58798,52387,89.1
2015,Medical scientists,80113,66860,83.5
2015,Life scientists all other,54143,70276,0
2015,Astronomers and physicists,100930,105332,0
2015,Atmospheric and space scientists,76668,56603,0
2015,Chemists and materials scientists,71853,65582,91.3
2015,Environmental scientists and geoscientists,77333,61583,79.6
2015,Physical scientists all other,85195,61217,71.9
2015,Economists,120076,82427,68.6
2015,Survey researchers,117685,70443,0
2015,Psychologists,76903,62146,80.8
2015,Urban and regional planners,71693,62266,86.9
2015,Miscellaneous social scientists and related workers including sociologists,68632,52123,75.9
2015,Agricultural and food science technicians,45910,39464,86
2015,Biological technicians,46823,41644,88.9
2015,Chemical technicians,51831,47360,91.4
2015,Geological and petroleum technicians,62243,52394,0
2015,Nuclear technicians,110076,71540,0
2015,Social science research assistants,40888,35803,0
2015,Miscellaneous life physical and social science technicians,48138,40792,84.7
2015,Education Legal Community Service Arts and Media Occupations:,56887,45482,80
2015,Community and Social Service Occupations:,43927,41485,94.4
2015,Counselors,42299,42369,100.2
2015,Social workers,42821,41795,97.6
2015,Probation officers and correctional treatment specialists,47561,44385,93.3
2015,Social and human service assistants,34967,35766,102.3
2015,Miscellaneous community and social service specialists including health educators and community health workers,47966,39620,82.6
2015,Clergy,45350,40754,89.9
2015,Directors religious activities and education,43053,38681,89.8
2015,Religious workers all other,40454,35612,88
2015,Legal Occupations:,116689,61432,52.6
2015,Lawyers,127337,101640,79.8
2015,Judicial law clerks,54778,55883,0
2015,Judges magistrates and other judicial workers,115636,83173,71.9
2015,Paralegals and legal assistants,50498,46061,91.2
2015,Miscellaneous legal support workers,60958,43663,71.6
2015,Education Training and Library Occupations:,55349,44667,80.7
2015,Postsecondary teachers,71414,60359,84.5
2015,Preschool and kindergarten teachers,30067,24257,80.7
2015,Elementary and middle school teachers,51986,47521,91.4
2015,Secondary school teachers,52819,49048,92.9
2015,Special education teachers,46932,47378,101
2015,Other teachers and instructors,50250,40132,79.9
2015,Archivists curators and museum technicians,58285,46130,79.1
2015,Librarians,51879,48005,92.5
2015,Library technicians,38063,31014,0
2015,Teacher assistants,25873,20748,80.2
2015,Other education training and library workers,55834,50756,90.9
2015,Arts Design Entertainment Sports and Media Occupations:,52617,47086,89.5
2015,Artists and related workers,54669,37261,68.2
2015,Designers,55658,44269,79.5
2015,Actors,40745,37149,0
2015,Producers and directors,62368,66226,106.2
2015,Athletes coaches umpires and related workers,46602,36682,78.7
2015,Dancers and choreographers,50701,30782,0
2015,Musicians singers and related workers,42988,42279,98.4
2015,Entertainers and performers sports and related workers all other,42245,32475,0
2015,Announcers,40829,41437,0
2015,News analysts reporters and correspondents,55156,45994,83.4
2015,Public relations specialists,76638,58483,76.3
2015,Editors,55899,51884,92.8
2015,Technical writers,75598,61511,81.4
2015,Writers and authors,60192,51219,85.1
2015,Miscellaneous media and communication workers,46135,40256,87.3
2015,Miscellaneous media and communications equipment workers including broadcast and sound engineering technicians and radio operators,50378,52954,0
2015,Photographers,44513,30455,68.4
2015,Television video and motion picture camera operators and editors,51081,42205,0
2015,Healthcare Practitioners and Technical Occupations:,80723,56710,70.3
2015,Chiropractors,72468,60223,83.1
2015,Dentists,151071,102460,67.8
2015,Dietitians and nutritionists,49001,47717,97.4
2015,Optometrists,120521,96186,79.8
2015,Pharmacists,120792,111809,92.6
2015,Physicians and surgeons,202533,140036,69.1
2015,Physician assistants,93791,76396,81.5
2015,Podiatrists,126978,62064,0
2015,Audiologists,82289,75339,0
2015,Occupational therapists,75740,67164,88.7
2015,Physical therapists,80411,70509,87.7
2015,Radiation therapists,84219,68886,0
2015,Recreational therapists,42004,41782,0
2015,Respiratory therapists,60677,51864,85.5
2015,Speech-language pathologists,68346,60552,0
2015,Miscellaneous therapists including exercise physiologists,50295,46040,91.5
2015,Veterinarians,96582,80681,83.5
2015,Registered nurses,67990,61946,91.1
2015,Nurse anesthetists,150870,142185,94.2
2015,Nurse midwives,0,90174,0
2015,Nurse practitioners,106141,91276,86
2015,Health diagnosing and treating practitioners all other,52729,42025,0
2015,Clinical laboratory technologists and technicians,46941,44623,95.1
2015,Dental hygienists,53709,51972,0
2015,Diagnostic related technologists and technicians,60703,52950,87.2
2015,Emergency medical technicians and paramedics,43647,37023,84.8
2015,Health practitioner support technologists and technicians,35640,31292,87.8
2015,Licensed practical and licensed vocational nurses,42442,39562,93.2
2015,Medical records and health information technicians,36960,31126,84.2
2015,Opticians dispensing,42128,32267,76.6
2015,Miscellaneous health technologists and technicians,47830,39277,82.1
2015,Other healthcare practitioners and technical occupations,60786,47405,78
2015,.Service Occupations:,30950,23351,75.4
2015,Healthcare Support Occupations:,30838,26743,86.7
2015,Nursing psychiatric and home health aides,30408,25362,83.4
2015,Occupational therapy assistants and aides,50311,48606,0
2015,Physical therapist assistants and aides,46313,41098,88.7
2015,Massage therapists,29272,29240,99.9
2015,Dental assistants,26823,30399,0
2015,Medical assistants,29894,28661,95.9
2015,Medical transcriptionists,40429,31772,0
2015,Pharmacy aides,30645,29383,0
2015,Veterinary assistants and laboratory animal caretakers,26551,22461,0
2015,Phlebotomists,34855,30732,88.2
2015,Healthcare support workers all other including medical equipment preparers,32130,26452,82.3
2015,Protective Service Occupations:,51159,40760,79.7
2015,First-line supervisors of correctional officers,54853,44324,80.8
2015,First-line supervisors of police and detectives,75566,65227,86.3
2015,First-line supervisors of fire fighting and prevention workers,87065,68891,0
2015,First-line supervisors of protective service workers all other,50239,44965,89.5
2015,Firefighters,62361,57346,92
2015,Fire inspectors,55777,60478,0
2015,Bailiffs correctional officers and jailers,45432,37042,81.5
2015,Detectives and criminal investigators,75025,59386,79.2
2015,Fish and game wardens,47679,0,0
2015,Parking enforcement workers,40588,32217,0
2015,Police and sheriff's patrol officers,61694,56541,91.6
2015,Transit and railroad police,55521,51100,0
2015,Animal control workers,35656,32462,0
2015,Private detectives and investigators,56439,45436,80.5
2015,Security guards and gaming surveillance officers,30546,29883,97.8
2015,Crossing guards,31471,30767,0
2015,Transportation security screeners,40732,41751,102.5
2015,Lifeguards and other recreational and all other protective service workers,32037,27889,87.1
2015,Food Preparation and Serving Related Occupations:,22483,20049,89.2
2015,Chefs and head cooks,30810,25534,82.9
2015,First-line supervisors of food preparation and serving workers,27453,22506,82
2015,Cooks,21063,18581,88.2
2015,Food preparation workers,19870,18376,92.5
2015,Bartenders,28682,23849,83.1
2015,Combined food preparation and serving workers including fast food,20150,19325,95.9
2015,Counter attendants cafeteria food concession and coffee shop,20304,16771,82.6
2015,Waiters and waitresses,23802,19524,82
2015,Food servers nonrestaurant,23729,22775,96
2015,Dining room and cafeteria attendants and bartender helpers,20378,17663,86.7
2015,Dishwashers,17302,17332,100.2
2015,Hosts and hostesses restaurant lounge and coffee shop,23444,17260,0
2015,Food preparation and serving related workers all other,12147,20039,0
2015,Building and Grounds Cleaning and Maintenance Occupations:,27873,20844,74.8
2015,First-line supervisors of housekeeping and janitorial workers,41180,26860,65.2
2015,First-line supervisors of landscaping lawn service and groundskeeping workers,39564,31980,0
2015,Janitors and building cleaners,29685,21592,72.7
2015,Maids and housekeeping cleaners,24397,19752,81
2015,Pest control workers,33871,24899,0
2015,Grounds maintenance workers,23639,21996,93
2015,Personal Care and Service Occupations:,30217,22294,73.8
2015,First-line supervisors of gaming workers,45980,37178,80.9
2015,First-line supervisors of personal service workers,40006,30871,77.2
2015,Animal trainers,29644,26400,89.1
2015,Nonfarm animal caretakers,25025,24401,97.5
2015,Gaming services workers,37441,35023,93.5
2015,Motion picture projectionists,31291,100508,0
2015,Ushers lobby attendants and ticket takers,29552,20904,0
2015,Miscellaneous entertainment attendants and related workers,25928,24154,93.2
2015,Embalmers and funeral attendants,27020,19780,0
2015,Morticians undertakers and funeral directors,51129,31023,60.7
2015,Barbers,22321,18509,82.9
2015,Hairdressers hairstylists and cosmetologists,31224,23943,76.7
2015,Miscellaneous personal appearance workers,22047,21632,98.1
2015,Baggage porters bellhops and concierges,31799,30572,96.1
2015,Tour and travel guides,29043,30413,0
2015,Childcare workers,21832,19931,91.3
2015,Personal care aides,24244,21557,88.9
2015,Recreation and fitness workers,35636,28203,79.1
2015,Residential advisors,27339,25074,91.7
2015,Personal care and service workers all other ,26597,21820,82
2015,.Sales and Office Occupations:,44622,32972,73.9
2015,Sales and Related Occupations:,50259,31747,63.2
2015,First-line supervisors of retail sales workers,44856,31897,71.1
2015,First-line supervisors of non-retail sales workers,61556,53770,87.4
2015,Cashiers,22257,19736,88.7
2015,Counter and rental clerks,27449,27194,99.1
2015,Parts salespersons,34231,27467,80.2
2015,Retail salespersons,37143,26140,70.4
2015,Advertising sales agents,60522,45378,75
2015,Insurance sales agents,61639,41250,66.9
2015,Securities commodities and financial services sales agents,93795,51284,54.7
2015,Travel agents,40408,36746,90.9
2015,Sales representatives services all other,65763,48984,74.5
2015,Sales representatives wholesale and manufacturing,63861,51986,81.4
2015,Models demonstrators and product promoters,50929,27018,0
2015,Real estate brokers and sales agents,60775,42294,69.6
2015,Sales engineers,95047,77722,0
2015,Telemarketers,26440,25257,95.5
2015,Door-to-door sales workers news and street vendors and related workers,29469,23312,79.1
2015,Sales and related workers all other,61045,44956,73.6
2015,Office and Administrative Support Occupations:,38713,33637,86.9
2015,First-line supervisors of office and administrative support workers,54066,42369,78.4
2015,Switchboard operators including answering service,33816,23936,0
2015,Telephone operators,31822,27360,86
2015,Communications equipment operators all other,53684,34538,0
2015,Bill and account collectors,36784,32234,87.6
2015,Billing and posting clerks ,37351,32267,86.4
2015,Bookkeeping accounting and auditing clerks,41490,36372,87.7
2015,Gaming cage workers,21105,27810,0
2015,Payroll and timekeeping clerks,41838,38923,93
2015,Procurement clerks,65297,45564,69.8
2015,Tellers,25564,25222,98.7
2015,Financial clerks all other,67732,42122,62.2
2015,Brokerage clerks,50040,45834,0
2015,Correspondence clerks,35020,31302,0
2015,Court municipal and license clerks,42192,35585,84.3
2015,Credit authorizers checkers and clerks,50853,35037,68.9
2015,Customer service representatives,35505,31152,87.7
2015,Eligibility interviewers government programs,50400,40071,79.5
2015,File clerks,35594,31976,89.8
2015,Hotel motel and resort desk clerks,21995,21329,97
2015,Interviewers except eligibility and loan,35424,30395,85.8
2015,Library assistants clerical,30889,27952,90.5
2015,Loan interviewers and clerks,41750,38807,93
2015,New accounts clerks,47191,31894,0
2015,Order clerks,33757,31216,92.5
2015,Human resources assistants except payroll and timekeeping,42293,37643,89
2015,Receptionists and information clerks,29454,27222,92.4
2015,Reservation and transportation ticket agents and travel clerks,40755,35344,86.7
2015,Information and record clerks all other,41589,36352,87.4
2015,Cargo and freight agents,42852,40984,0
2015,Couriers and messengers,39789,30480,76.6
2015,Dispatchers,41363,34067,82.4
2015,Meter readers utilities,36161,43775,0
2015,Postal service clerks,54166,52574,97.1
2015,Postal service mail carriers,57073,52085,91.3
2015,Postal service mail sorters processors and processing machine operators,54885,52637,95.9
2015,Production planning and expediting clerks,56437,37246,66
2015,Shipping receiving and traffic clerks,31401,27939,89
2015,Stock clerks and order fillers,27032,25493,94.3
2015,Weighers measurers checkers and samplers recordkeeping,40651,30345,74.6
2015,Secretaries and administrative assistants,40599,35677,87.9
2015,Computer operators,48966,37288,76.2
2015,Data entry keyers,35544,31236,87.9
2015,Word processors and typists,36294,32208,88.7
2015,Desktop publishers,51304,39944,0
2015,Insurance claims and policy processing clerks,40293,35574,88.3
2015,Mail clerks and mail machine operators except postal service,30238,28308,93.6
2015,Office clerks general,36371,32155,88.4
2015,Office machine operators except computer,35302,31192,88.4
2015,Proofreaders and copy markers,35766,32700,0
2015,Statistical assistants,46090,40058,86.9
2015,Office and administrative support workers all other,44833,36981,82.5
2015,Natural Resources Construction and Maintenance Occupations:,40696,30351,74.6
2015,Farming Fishing and Forestry Occupations:,26271,18998,72.3
2015,First-line supervisors of farming fishing and forestry workers,39581,31456,0
2015,Agricultural inspectors,46125,44682,0
2015,Animal breeders,30906,25666,0
2015,Graders and sorters agricultural products,23490,18099,77
2015,Miscellaneous agricultural workers ,24602,17713,72
2015,Fishing and hunting workers,35018,24415,0
2015,Forest and conservation workers,32118,24167,0
2015,Logging workers,31186,23640,0
2015,Construction and Extraction Occupations:,40078,33236,82.9
2015,First-line supervisors of construction trades and extraction workers,56164,43878,78.1
2015,Boilermakers,56031,42065,0
2015,Brickmasons blockmasons and stonemasons,32024,25210,0
2015,Carpenters,34698,26702,77
2015,Carpet floor and tile installers and finishers,31028,30093,0
2015,Cement masons concrete finishers and terrazzo workers,35706,0,0
2015,Construction laborers,31066,27927,89.9
2015,Paving surfacing and tamping equipment operators,39603,0,0
2015,Operating engineers and other construction equipment operators including pile-driver operators,42289,33641,0
2015,Drywall installers ceiling tile installers and tapers,29122,27477,0
2015,Electricians,50029,41299,82.6
2015,Glaziers,35881,20444,0
2015,Insulation workers,36800,30763,0
2015,Painters construction and maintenance,30131,26453,87.8
2015,Paperhangers,50374,40361,0
2015,Pipelayers plumbers pipefitters and steamfitters,43411,41047,0
2015,Plasterers and stucco masons,25885,0,0
2015,Reinforcing iron and rebar workers,32302,0,0
2015,Roofers,27678,19114,0
2015,Sheet metal workers,42004,34016,0
2015,Structural iron and steel workers,45617,41302,0
2015,Helpers construction trades,27431,34839,0
2015,Construction and building inspectors,53088,45705,86.1
2015,Elevator installers and repairers,85807,87403,0
2015,Fence erectors,30669,16111,0
2015,Hazardous materials removal workers,40284,31033,0
2015,Highway maintenance workers,37480,31543,0
2015,Rail-track laying and maintenance equipment operators,53594,0,0
2015,Septic tank servicers and sewer pipe cleaners,37914,0,0
2015,Miscellaneous construction and related workers including solar photovoltaic installers,38921,24550,0
2015,Derrick rotary drill and service unit operators oil gas and mining,67593,31710,0
2015,Earth drillers except oil and gas,52060,62442,0
2015,Explosives workers ordnance handling experts and blasters,50630,36960,0
2015,Mining machine operators,65606,57397,0
2015,Roof bolters mining,66547,0,0
2015,Roustabouts oil and gas,44659,0,0
2015,Helpers--extraction workers,49887,55662,0
2015,Other extraction workers,50962,59240,0
2015,Installation Maintenance and Repair Occupations:,43781,40347,92.2
2015,First-line supervisors of mechanics installers and repairers,57076,52927,92.7
2015,Computer automated teller and office machine repairers,43137,39601,91.8
2015,Radio and telecommunications equipment installers and repairers,52209,45468,87.1
2015,Avionics technicians,51834,42398,0
2015,Electric motor power tool and related repairers,50430,30066,0
2015,Electrical and electronics installers and repairers transportation equipment,50287,0,0
2015,Electrical and electronics repairers industrial and utility,65526,60320,0
2015,Electronic equipment installers and repairers motor vehicles,40818,22493,0
2015,Electronic home entertainment equipment installers and repairers,41385,30949,0
2015,Security and fire alarm systems installers,42157,41096,0
2015,Aircraft mechanics and service technicians,56690,45440,80.2
2015,Automotive body and related repairers,39370,31007,0
2015,Automotive glass installers and repairers,36293,37687,0
2015,Automotive service technicians and mechanics,35523,31587,88.9
2015,Bus and truck mechanics and diesel engine specialists,42902,36083,0
2015,Heavy vehicle and mobile equipment service technicians and mechanics,50329,41656,0
2015,Small engine mechanics,31369,31591,0
2015,Miscellaneous vehicle and mobile equipment mechanics installers and repairers,27158,23954,0
2015,Control and valve installers and repairers,50548,40393,0
2015,Heating air conditioning and refrigeration mechanics and installers,41855,32257,0
2015,Home appliance repairers,37384,28702,0
2015,Industrial and refractory machinery mechanics,50482,41142,81.5
2015,Maintenance and repair workers general,41683,36185,86.8
2015,Maintenance workers machinery,45579,57318,0
2015,Millwrights,60153,56197,0
2015,Electrical power-line installers and repairers,69852,80439,0
2015,Telecommunications line installers and repairers,47527,55989,0
2015,Precision instrument and equipment repairers,47813,40064,0
2015,Coin vending and amusement machine servicers and repairers,35885,32002,0
2015,Commercial divers,50966,0,0
2015,Locksmiths and safe repairers,37993,24135,0
2015,Manufactured building and mobile home installers,30799,0,0
2015,Riggers,43701,0,0
2015,Signal and track switch repairers,72465,0,0
2015,Helpers--installation maintenance and repair workers ,26932,29307,0
2015,Other installation maintenance and repair workers including wind turbine service technicians,37008,28922,78.2
2015,Production Transportation and Material Moving Occupations:,37377,26339,70.5
2015,Production Occupations:,39170,26544,67.8
2015,First-line supervisors of production and operating workers,54494,40815,74.9
2015,Aircraft structure surfaces rigging and systems assemblers,51161,35660,0
2015,Electrical electronics and electromechanical assemblers,31243,27385,87.7
2015,Engine and other machine assemblers,41657,35316,0
2015,Structural metal fabricators and fitters,40346,30970,0
2015,Miscellaneous assemblers and fabricators,32026,26899,84
2015,Bakers,26114,22040,84.4
2015,Butchers and other meat poultry and fish processing workers,29333,22876,78
2015,Food and tobacco roasting baking and drying machine operators and tenders,36385,26845,0
2015,Food batchmakers,31811,24268,76.3
2015,Food cooking machine operators and tenders,30554,22015,0
2015,Food processing workers all other,32439,27983,86.3
2015,Computer control programmers and operators,42021,36468,0
2015,Extruding and drawing machine setters operators and tenders metal and plastic,40222,32041,0
2015,Forging machine setters operators and tenders metal and plastic,41164,26124,0
2015,Rolling machine setters operators and tenders metal and plastic,39696,25227,0
2015,Cutting punching and press machine setters operators and tenders metal and plastic,32671,26923,82.4
2015,Drilling and boring machine tool setters operators and tenders metal and plastic ,36947,30941,0
2015,Grinding lapping polishing and buffing machine tool setters operators and tenders metal and plastic,32823,25041,0
2015,Lathe and turning machine tool setters operators and tenders metal and plastic,39932,27079,0
2015,Milling and planing machine setters operators and tenders metal and plastic,36487,37304,0
2015,Machinists,45549,31887,70
2015,Metal furnace operators tenders pourers and casters,45644,48828,0
2015,Model makers and patternmakers metal and plastic,45087,36732,0
2015,Molders and molding machine setters operators and tenders metal and plastic,38294,30011,78.4
2015,Multiple machine tool setters operators and tenders metal and plastic ,53347,26824,0
2015,Tool and die makers,54642,36745,0
2015,Welding soldering and brazing workers,39281,26893,68.5
2015,Heat treating equipment setters operators and tenders metal and plastic,40662,46350,0
2015,Layout workers metal and plastic,48655,41135,0
2015,Plating and coating machine setters operators and tenders metal and plastic,35031,26024,0
2015,Tool grinders filers and sharpeners,40550,30966,0
2015,Metal workers and plastic workers all other,35514,26963,75.9
2015,Prepress technicians and workers,38946,28806,74
2015,Printing workers except prepress technicians and workers,36916,26679,72.3
2015,Laundry and dry-cleaning workers,24752,19203,77.6
2015,Pressers textile garment and related materials,27268,20168,74
2015,Sewing machine operators,22855,20430,89.4
2015,Shoe and leather workers and repairers,28974,21262,0
2015,Shoe machine operators and tenders,21536,21970,0
2015,Tailors dressmakers and sewers,27459,21759,79.2
2015,Textile bleaching and dyeing machine operators and tenders,28612,31154,0
2015,Textile cutting machine setters operators and tenders,26319,18793,0
2015,Textile knitting and weaving machine setters operators and tenders,30288,25110,0
2015,Textile winding twisting and drawing out machine setters operators and tenders,24567,25449,0
2015,Fabric and apparel patternmakers,53500,52582,0
2015,Upholsterers,30724,20834,0
2015,Miscellaneous textile apparel and furnishings workers including extruding and forming machine setters operators and tenders synthetic and glass fibers,28326,22354,0
2015,Cabinetmakers and bench carpenters,31685,21543,0
2015,Furniture finishers,32936,26337,0
2015,Sawing machine setters operators and tenders wood,27449,26034,0
2015,Woodworking machine setters operators and tenders except sawing,26282,25489,0
2015,Miscellaneous woodworkers including model makers and patternmakers,31991,18913,0
2015,Power plant operators distributors and dispatchers,81043,72351,0
2015,Stationary engineers and boiler operators,55864,54415,0
2015,Water and wastewater treatment plant and system operators,45724,41945,0
2015,Miscellaneous plant and system operators,62068,53601,0
2015,Chemical processing machine setters operators and tenders,51669,38087,0
2015,Crushing grinding polishing mixing and blending workers,37709,32032,84.9
2015,Cutting workers,31113,21516,69.2
2015,Extruding forming pressing and compacting machine setters operators and tenders,36743,24444,0
2015,Furnace kiln oven drier and kettle operators and tenders,35876,24819,0
2015,Inspectors testers sorters samplers and weighers,43551,31043,71.3
2015,Jewelers and precious stone and metal workers,36494,24657,67.6
2015,Medical dental and ophthalmic laboratory technicians,37346,30704,82.2
2015,Packaging and filling machine operators and tenders,28528,22809,80
2015,Painting workers,33422,28032,83.9
2015,Photographic process workers and processing machine operators,31888,21348,66.9
2015,Semiconductor processors,50057,31023,0
2015,Adhesive bonding machine operators and tenders,33187,23833,0
2015,Cleaning washing and metal pickling equipment operators and tenders,31884,26250,0
2015,Cooling and freezing equipment operators and tenders,37889,21726,0
2015,Etchers and engravers,33319,24509,0
2015,Molders shapers and casters except metal and plastic,31191,20724,0
2015,Paper goods machine setters operators and tenders,45905,25134,0
2015,Tire builders,50462,37200,0
2015,Helpers--production workers,27179,22732,0
2015,Production workers all other,36237,26505,73.1
2015,Transportation Occupations:,41222,30304,73.5
2015,Supervisors of transportation and material moving workers,51339,40904,79.7
2015,Aircraft pilots and flight engineers,101007,50770,0
2015,Air traffic controllers and airfield operations specialists,80236,65873,0
2015,Flight attendants,51594,41168,79.8
2015,Ambulance drivers and attendants except emergency medical technicians,24657,22602,0
2015,Bus drivers,37569,27180,72.3
2015,Driver/sales workers and truck drivers,40865,27657,67.7
2015,Taxi drivers and chauffeurs,26763,21521,80.4
2015,Motor vehicle operators all other,30190,18932,0
2015,Locomotive engineers and operators,78762,55528,0
2015,Railroad brake signal and switch operators,61203,0,0
2015,Railroad conductors and yardmasters,65462,65256,0
2015,Subway streetcar and other rail transportation workers,61243,55787,0
2015,Sailors and marine oilers,49771,37716,0
2015,Ship and boat captains and operators,70159,37067,0
2015,Ship engineers,78984,70984,0
2015,Bridge and lock tenders,50039,27053,0
2015,Parking lot attendants,23889,19536,0
2015,Automotive and watercraft service attendants,22729,20516,90.3
2015,Transportation inspectors,58158,45220,0
2015,Transportation attendants except flight attendants,41630,22992,0
2015,Other transportation workers ,42494,42068,0
2015,Material Moving Occupations:,30415,23419,77
2015,Conveyor operators and tenders,36374,24934,0
2015,Crane and tower operators,51448,51941,0
2015,Dredge excavating and loading machine operators,41892,28750,0
2015,Hoist and winch operators,46825,26862,0
2015,Industrial truck and tractor operators,31002,30981,99.9
2015,Cleaners of vehicles and equipment,23605,24793,105
2015,Laborers and freight stock and material movers hand,30531,24953,81.7
2015,Machine feeders and offbearers,30290,21911,72.3
2015,Packers and packagers hand,22711,20876,91.9
2015,Pumping station operators,60134,130660,0
2015,Refuse and recyclable material collectors,30057,22209,0
2015,Mine shuttle car operators,70594,0,0
2015,Tank car truck and ship loaders,40628,13806,0
2015,Material moving workers all other,36755,28267,0
2016,Total full-time year-round civilian workers 16 years and over,49149,39054,78.8
2016,Management  Business Science and Arts Occupations:,73798,52485,71.9
2016,Management Business and Financial Occupations:,76749,56962,73.8
2016,Management Occupations:,80214,60263,75.1
2016,Chief executives,130830,101174,76
2016,General and operations managers,74888,53539,75
2016,Legislators,76794,70059,91.3
2016,Advertising and promotions managers,75638,52378,74.3
2016,Marketing and sales managers,97067,65229,70.7
2016,Public relations and fundraising managers,91993,70227,73.3
2016,Administrative services managers,71025,54308,82.7
2016,Computer and information systems managers,101957,88946,89.8
2016,Financial managers,94742,60512,63.6
2016,Compensation and benefits managers,116768,75904,0
2016,Human resources managers,77259,66608,85.8
2016,Training and development managers,81439,69605,88
2016,Industrial production managers,76623,65474,87.1
2016,Purchasing managers,81163,65221,77
2016,Transportation storage and distribution managers,51532,55211,100.5
2016,Farmers ranchers and other agricultural managers,41984,30726,60.7
2016,Construction managers,70391,60483,89.4
2016,Education administrators,79569,62001,77.6
2016,Architectural and engineering managers,125512,120158,93.3
2016,Food service managers,41587,31092,76.7
2016,Funeral service managers,61996,70489,0
2016,Gaming managers,55969,50369,91.8
2016,Lodging managers,50487,39723,72.2
2016,Medical and health services managers,85292,66115,76.7
2016,Natural sciences managers,101115,71535,70.5
2016,Postmasters and mail superintendents,75273,63780,72.7
2016,Property real estate and community association managers,60819,44159,73.2
2016,Social and community service managers,60158,51343,83.3
2016,Emergency management directors,68843,72877,0
2016,Managers all other,81484,63700,78.5
2016,Business and Financial Operations Occupations:,70728,54018,74.9
2016,Agents and business managers of artists performers and athletes,60818,50170,90.6
2016,Buyers and purchasing agents farm products,50060,37830,0
2016,Wholesale and retail buyers except farm products,42033,42271,103.3
2016,Purchasing agents except wholesale retail and farm products,58713,49852,82.1
2016,Claims adjusters appraisers examiners and investigators,57748,46759,77.4
2016,Compliance officers,70067,61418,90
2016,Cost estimators,61776,50332,82.1
2016,Human resources workers,62362,51655,82.1
2016,Compensation benefits and job analysis specialists,62739,47450,78.5
2016,Training and development specialists,61958,49533,84.3
2016,Logisticians,54775,47353,92.2
2016,Management analysts,89368,72260,80.8
2016,Meeting convention and event planners,50086,47205,98.1
2016,Fundraisers,63150,57571,83.3
2016,Market research analysts and marketing specialists,79902,60798,75.4
2016,Business operations specialists all other,66402,51754,76.2
2016,Accountants and auditors,71611,54676,75.2
2016,Appraisers and assessors of real estate,60032,45696,74.8
2016,Budget analysts,81622,67367,83.7
2016,Credit analysts,56119,47764,90.7
2016,Financial analysts,84758,73685,63.4
2016,Personal financial advisors,100564,63432,61.5
2016,Insurance underwriters,71090,55763,69.4
2016,Financial examiners,91839,66456,0
2016,Credit counselors and loan officers,71012,46834,66.5
2016,Tax examiners and collectors and revenue agents,63606,47747,68.5
2016,Tax preparers,56832,50927,67.9
2016,Financial specialists all other,91705,49220,59.7
2016,Computer Engineering and Science Occupations:,79847,66500,83
2016,Computer and mathematical occupations:,81043,70786,86.7
2016,Computer and information research scientists,103624,91426,0
2016,Computer systems analysts,81294,69406,85.4
2016,Information security analysts,90671,75779,92.9
2016,Computer programmers,82951,77830,92.1
2016,Software developers applications and systems software,99519,85287,86.5
2016,Web developers,65007,53650,87.7
2016,Computer support specialists,53807,50956,90.8
2016,Database administrators,86854,56890,72.5
2016,Network and computer systems administrators,70533,64094,90.3
2016,Computer network architects ,94255,86560,97.8
2016,Computer occupations all other,68787,67019,97.5
2016,Actuaries,105153,100158,92
2016,Mathematicians,120660,55489,0
2016,Operations research analysts,82373,71696,79.5
2016,Statisticians,87419,80913,84.9
2016,Miscellaneous mathematical science occupations,75217,67183,0
2016,Architecture and Engineering Occupations:,80191,66818,82
2016,Architects except naval,79542,63215,80.3
2016,Surveyors cartographers and photogrammetrists,57296,54594,83.1
2016,Aerospace engineers,101474,85045,88.9
2016,Agricultural engineers,77894,77703,0
2016,Biomedical engineers,90275,74343,0
2016,Chemical engineers,100275,87309,94.9
2016,Civil engineers,82405,72899,87.7
2016,Computer hardware engineers,98302,85309,0
2016,Electrical and electronics engineers,93711,82691,86.9
2016,Environmental engineers,85840,80798,90.1
2016,Industrial engineers including health and safety,79476,72469,86.9
2016,Marine engineers and naval architects,80931,62262,0
2016,Materials engineers,79129,73533,0
2016,Mechanical engineers,80890,76532,90.3
2016,Mining and geological engineers including mining safety engineers,101177,104954,0
2016,Nuclear engineers,100899,100345,0
2016,Petroleum engineers,120198,108664,0
2016,Engineers all other,91811,80959,89
2016,Drafters,52440,43037,90.1
2016,Engineering technicians except drafters,55961,41755,76.6
2016,Surveying and mapping technicians,51271,41269,0
2016,Life Physical and Social Science Occupations:,66545,57875,86.1
2016,Agricultural and food scientists,66204,56742,85.6
2016,Biological scientists,62296,61723,99.1
2016,Conservation scientists and foresters,56925,55702,89.1
2016,Medical scientists,79409,70170,83.5
2016,Life scientists all other,77448,75448,0
2016,Astronomers and physicists,100878,74550,0
2016,Atmospheric and space scientists,84922,80803,0
2016,Chemists and materials scientists,71203,64146,91.3
2016,Environmental scientists and geoscientists,80066,64967,79.6
2016,Physical scientists all other,81838,62530,71.9
2016,Economists,120249,97869,68.6
2016,Survey researchers,95694,45808,0
2016,Psychologists,82152,63914,80.8
2016,Urban and regional planners,76563,58594,86.9
2016,Miscellaneous social scientists and related workers including sociologists,59402,49466,75.9
2016,Agricultural and food science technicians,45592,43189,86
2016,Biological technicians,51206,43010,88.9
2016,Chemical technicians,55310,46166,91.4
2016,Geological and petroleum technicians,61552,58773,0
2016,Nuclear technicians,81518,120118,0
2016,Social science research assistants,62318,33376,0
2016,Miscellaneous life physical and social science technicians,45391,40335,84.7
2016,Education Legal Community Service Arts and Media Occupations:,57516,45789,80
2016,Community and Social Service Occupations:,44335,41657,94.4
2016,Counselors,42943,43144,100.2
2016,Social workers,44262,42201,97.6
2016,Probation officers and correctional treatment specialists,48441,46867,93.3
2016,Social and human service assistants,39091,35331,102.3
2016,Miscellaneous community and social service specialists including health educators and community health workers,45046,39779,82.6
2016,Clergy,45100,39185,89.9
2016,Directors religious activities and education,46639,40026,89.8
2016,Religious workers all other,36993,35353,88
2016,Legal Occupations:,120569,62167,52.6
2016,Lawyers,130819,101219,79.8
2016,Judicial law clerks,61812,60639,0
2016,Judges magistrates and other judicial workers,111928,80325,71.9
2016,Paralegals and legal assistants,49289,46319,91.2
2016,Miscellaneous legal support workers,64394,47439,71.6
2016,Education Training and Library Occupations:,55730,45162,80.7
2016,Postsecondary teachers,71982,60502,84.5
2016,Preschool and kindergarten teachers,28156,24377,80.7
2016,Elementary and middle school teachers,52275,48594,91.4
2016,Secondary school teachers,53429,50548,92.9
2016,Special education teachers,49768,45952,101
2016,Other teachers and instructors,52063,38612,79.9
2016,Archivists curators and museum technicians,56860,45282,79.1
2016,Librarians,52528,48589,92.5
2016,Library technicians,36862,28121,0
2016,Teacher assistants,28311,20985,80.2
2016,Other education training and library workers,57321,50771,90.9
2016,Arts Design Entertainment Sports and Media Occupations:,54084,46698,89.5
2016,Artists and related workers,51814,40191,68.2
2016,Designers,55533,42444,79.5
2016,Actors,46615,38251,0
2016,Producers and directors,64642,61825,106.2
2016,Athletes coaches umpires and related workers,46140,38242,78.7
2016,Dancers and choreographers,36905,27268,0
2016,Musicians singers and related workers,42472,45683,98.4
2016,Entertainers and performers sports and related workers all other,40847,34944,0
2016,Announcers,45065,46654,0
2016,News analysts reporters and correspondents,57304,50461,83.4
2016,Public relations specialists,76940,60011,76.3
2016,Editors,57804,51764,92.8
2016,Technical writers,69872,64769,81.4
2016,Writers and authors,62207,52479,85.1
2016,Miscellaneous media and communication workers,47478,36853,87.3
2016,Miscellaneous media and communications equipment workers including broadcast and sound engineering technicians and radio operators,52122,45207,0
2016,Photographers,40650,35015,68.4
2016,Television video and motion picture camera operators and editors,51223,37703,0
2016,Healthcare Practitioners and Technical Occupations:,77993,56151,70.3
2016,Chiropractors,72458,60296,83.1
2016,Dentists,151764,121953,67.8
2016,Dietitians and nutritionists,46015,48645,97.4
2016,Optometrists,120535,91378,79.8
2016,Pharmacists,120410,112232,92.6
2016,Physicians and surgeons,211526,150053,69.1
2016,Physician assistants,102354,91296,81.5
2016,Podiatrists,135579,99821,0
2016,Audiologists,71475,73235,0
2016,Occupational therapists,75237,66990,88.7
2016,Physical therapists,80327,71083,87.7
2016,Radiation therapists,85545,72210,0
2016,Recreational therapists,51778,42049,0
2016,Respiratory therapists,60952,52433,85.5
2016,Speech-language pathologists,71703,61827,0
2016,Miscellaneous therapists including exercise physiologists,50453,45564,91.5
2016,Veterinarians,100638,80243,83.5
2016,Registered nurses,67965,61961,91.1
2016,Nurse anesthetists,162997,142372,94.2
2016,Nurse midwives,0,96465,0
2016,Nurse practitioners,100765,92421,86
2016,Health diagnosing and treating practitioners all other,52089,42772,0
2016,Clinical laboratory technologists and technicians,50251,45086,95.1
2016,Dental hygienists,90873,56113,0
2016,Diagnostic related technologists and technicians,61101,52395,87.2
2016,Emergency medical technicians and paramedics,45812,36003,84.8
2016,Health practitioner support technologists and technicians,43170,31930,87.8
2016,Licensed practical and licensed vocational nurses,39777,36863,93.2
2016,Medical records and health information technicians,37349,35578,84.2
2016,Opticians dispensing,45916,34290,76.6
2016,Miscellaneous health technologists and technicians,46835,37369,82.1
2016,Other healthcare practitioners and technical occupations,55296,47198,78
2016,Service Occupations:,31132,23433,75.4
2016,Healthcare Support Occupations:,30526,26894,86.7
2016,Nursing psychiatric and home health aides,27354,25353,83.4
2016,Occupational therapy assistants and aides,48175,46725,0
2016,Physical therapist assistants and aides,47565,44280,88.7
2016,Massage therapists,30553,28603,99.9
2016,Dental assistants,38150,30934,0
2016,Medical assistants,32055,28834,95.9
2016,Medical transcriptionists,36889,31436,0
2016,Pharmacy aides,35713,29246,0
2016,Veterinary assistants and laboratory animal caretakers,31865,25464,0
2016,Phlebotomists,32364,30164,88.2
2016,Healthcare support workers all other including medical equipment preparers,33008,26809,82.3
2016,Protective Service Occupations:,51369,40422,79.7
2016,First-line supervisors of correctional officers,52747,47980,80.8
2016,First-line supervisors of police and detectives,79451,59909,86.3
2016,First-line supervisors of fire fighting and prevention workers,85472,70432,0
2016,First-line supervisors of protective service workers all other,51016,49734,89.5
2016,Firefighters,65166,55953,92
2016,Fire inspectors,56968,48737,0
2016,Bailiffs correctional officers and jailers,46662,38324,81.5
2016,Detectives and criminal investigators,80236,60317,79.2
2016,Fish and game wardens,49161,58450,0
2016,Parking enforcement workers,40887,35148,0
2016,Police and sheriff's patrol officers,61068,52937,91.6
2016,Transit and railroad police,61917,47964,0
2016,Animal control workers,34706,30741,0
2016,Private detectives and investigators,57338,45554,80.5
2016,Security guards and gaming surveillance officers,30625,29526,97.8
2016,Crossing guards,30186,36788,0
2016,Transportation security screeners,41780,38436,102.5
2016,Lifeguards and other recreational and all other protective service workers,33579,24645,87.1
2016,Food Preparation and Serving Related Occupations:,22709,20202,89.2
2016,Chefs and head cooks,31333,27334,82.9
2016,First-line supervisors of food preparation and serving workers,27882,21967,82
2016,Cooks,21436,18708,88.2
2016,Food preparation workers,20107,18110,92.5
2016,Bartenders,30599,24184,83.1
2016,Combined food preparation and serving workers including fast food,19509,19204,95.9
2016,Counter attendants cafeteria food concession and coffee shop,18258,16890,82.6
2016,Waiters and waitresses,23875,20133,82
2016,Food servers nonrestaurant,27673,21543,96
2016,Dining room and cafeteria attendants and bartender helpers,20922,18970,86.7
2016,Dishwashers,17900,17295,100.2
2016,Hosts and hostesses restaurant lounge and coffee shop,25206,17163,0
2016,Food preparation and serving related workers all other,17877,18413,0
2016,Building and Grounds Cleaning and Maintenance Occupations:,28153,20931,74.8
2016,First-line supervisors of housekeeping and janitorial workers,41271,27272,65.2
2016,First-line supervisors of landscaping lawn service and groundskeeping workers,40374,30951,0
2016,Janitors and building cleaners,29635,21904,72.7
2016,Maids and housekeeping cleaners,25146,19764,81
2016,Pest control workers,35499,36296,0
2016,Grounds maintenance workers,24616,22929,93
2016,Personal Care and Service Occupations:,29685,22201,73.8
2016,First-line supervisors of gaming workers,45984,40514,80.9
2016,First-line supervisors of personal service workers,36619,31367,77.2
2016,Animal trainers,35604,25656,89.1
2016,Nonfarm animal caretakers,26048,22859,97.5
2016,Gaming services workers,40433,36969,93.5
2016,Motion picture projectionists,30565,0,0
2016,Ushers lobby attendants and ticket takers,26850,23288,0
2016,Miscellaneous entertainment attendants and related workers,26824,23395,93.2
2016,Embalmers and funeral attendants,35674,25977,0
2016,Morticians undertakers and funeral directors,51651,39199,60.7
2016,Barbers,26015,22291,82.9
2016,Hairdressers hairstylists and cosmetologists,31715,23714,76.7
2016,Miscellaneous personal appearance workers,21809,21506,98.1
2016,Baggage porters bellhops and concierges,31464,28102,96.1
2016,Tour and travel guides,26595,30540,0
2016,Childcare workers,24602,20452,91.3
2016,Personal care aides,24091,21459,88.9
2016,Recreation and fitness workers,35635,27867,79.1
2016,Residential advisors,27532,27761,91.7
2016,Personal care and service workers all other ,26138,24444,82
2016,Sales and Office Occupations:,45041,33527,73.9
2016,Sales and Related Occupations:,50567,32122,63.2
2016,First-line supervisors of retail sales workers,44447,32093,71.1
2016,First-line supervisors of non-retail sales workers,62257,55013,87.4
2016,Cashiers,21696,19688,88.7
2016,Counter and rental clerks,36039,23941,99.1
2016,Parts salespersons,36195,26989,80.2
2016,Retail salespersons,36903,26051,70.4
2016,Advertising sales agents,60973,50664,75
2016,Insurance sales agents,61939,40861,66.9
2016,Securities commodities and financial services sales agents,100017,57024,54.7
2016,Travel agents,42195,37187,90.9
2016,Sales representatives services all other,66103,50916,74.5
2016,Sales representatives wholesale and manufacturing,65198,52549,81.4
2016,Models demonstrators and product promoters,36869,39774,0
2016,Real estate brokers and sales agents,62132,46221,69.6
2016,Sales engineers,98568,80547,0
2016,Telemarketers,27405,22793,95.5
2016,Door-to-door sales workers news and street vendors and related workers,29807,24704,79.1
2016,Sales and related workers all other,60938,44199,73.6
2016,Office and Administrative Support Occupations:,38667,34069,86.9
2016,First-line supervisors of office and administrative support workers,52192,44181,78.4
2016,Switchboard operators including answering service,27978,26883,0
2016,Telephone operators,35392,29157,86
2016,Communications equipment operators all other,52307,34015,0
2016,Bill and account collectors,35614,32404,87.6
2016,Billing and posting clerks ,38530,32379,86.4
2016,Bookkeeping accounting and auditing clerks,41368,36891,87.7
2016,Gaming cage workers,34971,26384,0
2016,Payroll and timekeeping clerks,41891,39584,93
2016,Procurement clerks,59765,43055,69.8
2016,Tellers,26341,25808,98.7
2016,Financial clerks all other,66189,40423,62.2
2016,Brokerage clerks,54420,42373,0
2016,Correspondence clerks,35075,36071,0
2016,Court municipal and license clerks,41381,35895,84.3
2016,Credit authorizers checkers and clerks,46838,36218,68.9
2016,Customer service representatives,36341,31531,87.7
2016,Eligibility interviewers government programs,47051,40508,79.5
2016,File clerks,36499,31482,89.8
2016,Hotel motel and resort desk clerks,22119,21218,97
2016,Interviewers except eligibility and loan,36282,31690,85.8
2016,Library assistants clerical,33851,30195,90.5
2016,Loan interviewers and clerks,44236,41251,93
2016,New accounts clerks,40891,35459,0
2016,Order clerks,32151,31320,92.5
2016,Human resources assistants except payroll and timekeeping,41918,37139,89
2016,Receptionists and information clerks,30650,26976,92.4
2016,Reservation and transportation ticket agents and travel clerks,41676,35527,86.7
2016,Information and record clerks all other,40504,35578,87.4
2016,Cargo and freight agents,41102,40026,0
2016,Couriers and messengers,40454,35553,76.6
2016,Dispatchers,42178,34728,82.4
2016,Meter readers utilities,36727,38729,0
2016,Postal service clerks,55978,52953,97.1
2016,Postal service mail carriers,57131,52261,91.3
2016,Postal service mail sorters processors and processing machine operators,55844,52804,95.9
2016,Production planning and expediting clerks,54623,38292,66
2016,Shipping receiving and traffic clerks,31211,29372,89
2016,Stock clerks and order fillers,27108,25745,94.3
2016,Weighers measurers checkers and samplers recordkeeping,39691,31033,74.6
2016,Secretaries and administrative assistants,41073,36004,87.9
2016,Computer operators,50004,35821,76.2
2016,Data entry keyers,35479,30850,87.9
2016,Word processors and typists,35117,33695,88.7
2016,Desktop publishers,50962,47443,0
2016,Insurance claims and policy processing clerks,39019,35733,88.3
2016,Mail clerks and mail machine operators except postal service,31673,26519,93.6
2016,Office clerks general,37853,32053,88.4
2016,Office machine operators except computer,35214,30327,88.4
2016,Proofreaders and copy markers,36679,36101,0
2016,Statistical assistants,60366,41460,86.9
2016,Office and administrative support workers all other,42369,37669,82.5
2016,Natural Resources Construction and Maintenance Occupations:,40818,30881,74.6
2016,Farming Fishing and Forestry Occupations:,26500,18915,72.3
2016,First-line supervisors of farming fishing and forestry workers,40935,27206,0
2016,Agricultural inspectors,47665,58503,0
2016,Animal breeders,31537,32098,0
2016,Graders and sorters agricultural products,25403,18205,77
2016,Miscellaneous agricultural workers ,25119,17718,72
2016,Fishing and hunting workers,32300,21692,0
2016,Forest and conservation workers,31899,36898,0
2016,Logging workers,31725,40922,0
2016,Construction and Extraction Occupations:,40133,32481,82.9
2016,First-line supervisors of construction trades and extraction workers,57943,56697,78.1
2016,Boilermakers,54633,61484,0
2016,Brickmasons blockmasons and stonemasons,32934,37068,0
2016,Carpenters,35074,26575,77
2016,Carpet floor and tile installers and finishers,31799,18773,0
2016,Cement masons concrete finishers and terrazzo workers,32050,50698,0
2016,Construction laborers,31434,29338,89.9
2016,Paving surfacing and tamping equipment operators,38721,0,0
2016,Operating engineers and other construction equipment operators including pile-driver operators,45089,42351,0
2016,Drywall installers ceiling tile installers and tapers,29403,25106,0
2016,Electricians,50079,36276,82.6
2016,Glaziers,37167,27803,0
2016,Insulation workers,37390,35809,0
2016,Painters construction and maintenance,30488,25519,87.8
2016,Paperhangers,37280,0,0
2016,Pipelayers plumbers pipefitters and steamfitters,43979,35301,0
2016,Plasterers and stucco masons,30904,52162,0
2016,Reinforcing iron and rebar workers,35280,37461,0
2016,Roofers,29658,27010,0
2016,Sheet metal workers,40393,34294,0
2016,Structural iron and steel workers,45896,19964,0
2016,Helpers construction trades,26857,23064,0
2016,Construction and building inspectors,52679,42189,86.1
2016,Elevator installers and repairers,88919,0,0
2016,Fence erectors,30223,0,0
2016,Hazardous materials removal workers,45173,30026,0
2016,Highway maintenance workers,38457,32204,0
2016,Rail-track laying and maintenance equipment operators,50119,23911,0
2016,Septic tank servicers and sewer pipe cleaners,40902,60023,0
2016,Miscellaneous construction and related workers including solar photovoltaic installers,40093,43816,0
2016,Derrick rotary drill and service unit operators oil gas and mining,66299,100584,0
2016,Earth drillers except oil and gas,53248,0,0
2016,Explosives workers ordnance handling experts and blasters,57128,52200,0
2016,Mining machine operators,61769,66211,0
2016,Roof bolters mining,75895,0,0
2016,Roustabouts oil and gas,41892,0,0
2016,Helpers--extraction workers,36244,0,0
2016,Other extraction workers,55072,54298,0
2016,Installation Maintenance and Repair Occupations:,44462,41195,92.2
2016,First-line supervisors of mechanics installers and repairers,56361,51749,92.7
2016,Computer automated teller and office machine repairers,42490,42400,91.8
2016,Radio and telecommunications equipment installers and repairers,55556,50223,87.1
2016,Avionics technicians,56030,61741,0
2016,Electric motor power tool and related repairers,49388,46989,0
2016,Electrical and electronics installers and repairers transportation equipment,55676,0,0
2016,Electrical and electronics repairers industrial and utility,70833,31137,0
2016,Electronic equipment installers and repairers motor vehicles,41694,53434,0
2016,Electronic home entertainment equipment installers and repairers,40923,23605,0
2016,Security and fire alarm systems installers,44955,33279,0
2016,Aircraft mechanics and service technicians,60472,33862,80.2
2016,Automotive body and related repairers,38474,25700,0
2016,Automotive glass installers and repairers,35783,51858,0
2016,Automotive service technicians and mechanics,35825,31006,88.9
2016,Bus and truck mechanics and diesel engine specialists,44692,48217,0
2016,Heavy vehicle and mobile equipment service technicians and mechanics,50229,51960,0
2016,Small engine mechanics,33801,26549,0
2016,Miscellaneous vehicle and mobile equipment mechanics installers and repairers,26462,42000,0
2016,Control and valve installers and repairers,52488,55819,0
2016,Heating air conditioning and refrigeration mechanics and installers,43049,42083,0
2016,Home appliance repairers,36247,11080,0
2016,Industrial and refractory machinery mechanics,50212,33924,81.5
2016,Maintenance and repair workers general,42378,40901,86.8
2016,Maintenance workers machinery,46518,34629,0
2016,Millwrights,60063,26845,0
2016,Electrical power-line installers and repairers,70544,80980,0
2016,Telecommunications line installers and repairers,50306,50778,0
2016,Precision instrument and equipment repairers,50694,37416,0
2016,Coin vending and amusement machine servicers and repairers,35511,30804,0
2016,Commercial divers,32088,0,0
2016,Locksmiths and safe repairers,41324,36616,0
2016,Manufactured building and mobile home installers,28094,27672,0
2016,Riggers,40729,0,0
2016,Signal and track switch repairers,76354,0,0
2016,Helpers--installation maintenance and repair workers ,27592,40141,0
2016,Other installation maintenance and repair workers including wind turbine service technicians,39292,33874,78.2
2016,Production Transportation and Material Moving Occupations:,38149,26481,70.5
2016,Production Occupations:,40113,26561,67.8
2016,First-line supervisors of production and operating workers,54300,40885,74.9
2016,Aircraft structure surfaces rigging and systems assemblers,50719,30327,0
2016,Electrical electronics and electromechanical assemblers,32037,26225,87.7
2016,Engine and other machine assemblers,45531,33914,0
2016,Structural metal fabricators and fitters,41450,38768,0
2016,Miscellaneous assemblers and fabricators,32369,26764,84
2016,Bakers,26599,21937,84.4
2016,Butchers and other meat poultry and fish processing workers,30576,23376,78
2016,Food and tobacco roasting baking and drying machine operators and tenders,40384,21941,0
2016,Food batchmakers,31660,24710,76.3
2016,Food cooking machine operators and tenders,28892,30404,0
2016,Food processing workers all other,31163,27164,86.3
2016,Computer control programmers and operators,45314,36908,0
2016,Extruding and drawing machine setters operators and tenders metal and plastic,37160,30716,0
2016,Forging machine setters operators and tenders metal and plastic,40276,36667,0
2016,Rolling machine setters operators and tenders metal and plastic,41082,34784,0
2016,Cutting punching and press machine setters operators and tenders metal and plastic,33704,26228,82.4
2016,Drilling and boring machine tool setters operators and tenders metal and plastic ,40449,25875,0
2016,Grinding lapping polishing and buffing machine tool setters operators and tenders metal and plastic,35366,31274,0
2016,Lathe and turning machine tool setters operators and tenders metal and plastic,41808,30361,0
2016,Milling and planing machine setters operators and tenders metal and plastic,27220,21667,0
2016,Machinists,45703,36037,70
2016,Metal furnace operators tenders pourers and casters,42324,24758,0
2016,Model makers and patternmakers metal and plastic,56152,42316,0
2016,Molders and molding machine setters operators and tenders metal and plastic,36575,30828,78.4
2016,Multiple machine tool setters operators and tenders metal and plastic ,40971,35596,0
2016,Tool and die makers,53158,40671,0
2016,Welding soldering and brazing workers,40048,30576,68.5
2016,Heat treating equipment setters operators and tenders metal and plastic,39286,47461,0
2016,Layout workers metal and plastic,42056,7447,0
2016,Plating and coating machine setters operators and tenders metal and plastic,33717,23317,0
2016,Tool grinders filers and sharpeners,40120,11921,0
2016,Metal workers and plastic workers all other,36084,26883,75.9
2016,Prepress technicians and workers,38750,30751,74
2016,Printing workers except prepress technicians and workers,38735,27047,72.3
2016,Laundry and dry-cleaning workers,25658,20175,77.6
2016,Pressers textile garment and related materials,26958,18203,74
2016,Sewing machine operators,22705,20553,89.4
2016,Shoe and leather workers and repairers,23836,16783,0
2016,Shoe machine operators and tenders,27860,26618,0
2016,Tailors dressmakers and sewers,31520,24129,79.2
2016,Textile bleaching and dyeing machine operators and tenders,25951,22306,0
2016,Textile cutting machine setters operators and tenders,28294,16828,0
2016,Textile knitting and weaving machine setters operators and tenders,32454,30236,0
2016,Textile winding twisting and drawing out machine setters operators and tenders,27544,24357,0
2016,Fabric and apparel patternmakers,54917,51546,0
2016,Upholsterers,30614,25055,0
2016,Miscellaneous textile apparel and furnishings workers including extruding and forming machine setters operators and tenders synthetic and glass fibers,27507,26217,0
2016,Cabinetmakers and bench carpenters,31498,27234,0
2016,Furniture finishers,30625,24344,0
2016,Sawing machine setters operators and tenders wood,27425,25624,0
2016,Woodworking machine setters operators and tenders except sawing,28391,21618,0
2016,Miscellaneous woodworkers including model makers and patternmakers,32850,21865,0
2016,Power plant operators distributors and dispatchers,80741,75684,0
2016,Stationary engineers and boiler operators,56873,40792,0
2016,Water and wastewater treatment plant and system operators,46712,41310,0
2016,Miscellaneous plant and system operators,65610,46611,0
2016,Chemical processing machine setters operators and tenders,52007,36241,0
2016,Crushing grinding polishing mixing and blending workers,37868,29334,84.9
2016,Cutting workers,30782,21981,69.2
2016,Extruding forming pressing and compacting machine setters operators and tenders,36816,28433,0
2016,Furnace kiln oven drier and kettle operators and tenders,46117,49728,0
2016,Inspectors testers sorters samplers and weighers,46622,30672,71.3
2016,Jewelers and precious stone and metal workers,38194,21932,67.6
2016,Medical dental and ophthalmic laboratory technicians,40940,34086,82.2
2016,Packaging and filling machine operators and tenders,28310,22746,80
2016,Painting workers,37361,27478,83.9
2016,Photographic process workers and processing machine operators,38140,22254,66.9
2016,Semiconductor processors,36624,35526,0
2016,Adhesive bonding machine operators and tenders,41820,21858,0
2016,Cleaning washing and metal pickling equipment operators and tenders,35086,25778,0
2016,Cooling and freezing equipment operators and tenders,45723,0,0
2016,Etchers and engravers,35976,26367,0
2016,Molders shapers and casters except metal and plastic,34116,22129,0
2016,Paper goods machine setters operators and tenders,49539,21531,0
2016,Tire builders,50906,48971,0
2016,Helpers--production workers,30078,22101,0
2016,Production workers all other,35949,26504,73.1
2016,Transportation Occupations:,41394,31001,73.5
2016,Supervisors of transportation and material moving workers,52151,39700,79.7
2016,Aircraft pilots and flight engineers,100263,64765,0
2016,Air traffic controllers and airfield operations specialists,90321,81404,0
2016,Flight attendants,53200,42237,79.8
2016,Ambulance drivers and attendants except emergency medical technicians,27537,20670,0
2016,Bus drivers,36535,27795,72.3
2016,Driver/sales workers and truck drivers,41201,30173,67.7
2016,Taxi drivers and chauffeurs,28081,23131,80.4
2016,Motor vehicle operators all other,26820,25587,0
2016,Locomotive engineers and operators,78583,61334,0
2016,Railroad brake signal and switch operators,57310,0,0
2016,Railroad conductors and yardmasters,66317,47697,0
2016,Subway streetcar and other rail transportation workers,61943,52345,0
2016,Sailors and marine oilers,43583,45610,0
2016,Ship and boat captains and operators,60870,21157,0
2016,Ship engineers,100129,23896,0
2016,Bridge and lock tenders,58365,30232,0
2016,Parking lot attendants,25416,20614,0
2016,Automotive and watercraft service attendants   ,22045,20550,90.3
2016,Transportation inspectors,60550,40845,0
2016,Transportation attendants except flight attendants,41391,26631,0
2016,Other transportation workers ,36573,43882,0
2016,Material Moving Occupations:,30982,23841,77
2016,Conveyor operators and tenders,38779,36176,0
2016,Crane and tower operators,51748,51867,0
2016,Dredge excavating and loading machine operators,45190,51364,0
2016,Hoist and winch operators,37671,65856,0
2016,Industrial truck and tractor operators,31580,31558,99.9
2016,Cleaners of vehicles and equipment,25047,21828,105
2016,Laborers and freight stock and material movers hand,30949,25457,81.7
2016,Machine feeders and offbearers,28868,23022,72.3
2016,Packers and packagers hand,24295,21153,91.9
2016,Pumping station operators,60028,60208,0
2016,Refuse and recyclable material collectors,30512,32203,0
2016,Mine shuttle car operators,51595,0,0
2016,Tank car truck and ship loaders,33566,19329,0
2016,Material moving workers all other,36930,31958,0